{
    "level_of_detail": "bg2pyr",
    "initW_lognormal_mean": 0.00000000002,
    "initW_lognormal_std": 0.000000000002
}
