{
    "initW": 0.00475,
    "oldW": 0.00125
}