{
    "initW": 0.00017,
    "oldW": 0.00017
}